frame,id,x,y,w,h
0,0,320,180,640,360
1,0,320,180,640,360
2,0,320,180,640,360
3,0,320,180,640,360
4,0,320,180,640,360
5,0,320,180,640,360
6,0,320,180,640,360
7,0,320,180,640,360
8,0,320,180,640,360
9,0,320,180,640,360
10,0,320,180,640,360
10,1,143,220,19,25
10,2,126,186,27,38
11,0,320,180,640,360
11,1,143,220,19,25
11,2,124,188,27,38
11,3,131,172,20,16
12,0,320,180,640,360
12,1,147,218,20,25
12,2,123,189,27,18
12,3,131,172,20,16
12,4,126,232,17,21
13,0,320,180,640,360
13,1,147,212,20,17
13,2,120,191,24,17
13,3,131,172,20,16
13,4,129,231,21,21
14,0,320,180,640,360
14,1,147,212,20,17
14,2,119,189,27,25
14,3,131,172,20,16
14,4,129,231,21,21
15,0,320,180,640,360
15,1,153,221,30,39
15,2,119,194,30,36
15,3,131,172,20,16
15,4,131,230,18,22
15,5,204,171,28,16
15,6,212,150,33,22
16,0,320,180,640,360
16,1,153,220,30,38
16,2,116,192,29,35
16,3,131,172,20,16
16,4,131,228,18,19
16,5,204,171,28,16
16,6,212,150,33,22
17,0,320,180,640,360
17,1,154,218,30,37
17,2,114,195,29,35
17,3,131,172,20,16
17,4,131,228,17,19
17,5,204,171,28,16
17,6,212,150,33,22
17,7,61,144,21,17
18,0,320,180,640,360
18,1,157,212,25,26
18,2,112,199,29,33
18,3,131,172,20,16
18,4,133,232,15,22
18,5,204,171,28,16
18,6,212,150,33,22
18,7,61,144,21,17
19,0,320,180,640,360
19,1,154,210,33,27
19,2,110,200,29,38
19,3,131,172,20,16
19,4,133,232,15,22
19,5,204,171,28,16
19,6,210,140,25,13
19,7,61,144,21,17
20,0,320,180,640,360
20,1,154,210,35,29
20,2,109,201,31,39
20,3,131,172,20,16
20,4,133,232,15,22
20,5,204,171,28,16
20,6,218,145,34,27
20,7,61,141,20,19
20,8,143,273,12,28
20,9,45,123,25,23
21,1,158,213,34,37
21,2,107,203,30,39
21,3,131,172,20,16
21,4,133,232,15,22
21,5,204,171,28,16
21,6,214,143,39,25
21,7,61,141,20,19
21,8,143,274,14,31
21,9,43,120,21,18
22,1,158,212,36,37
22,2,106,205,32,39
22,3,135,144,24,13
22,4,133,232,15,22
22,5,204,171,28,16
22,6,216,142,39,27
22,7,61,141,20,19
22,8,145,275,20,40
22,9,44,121,25,23
22,10,172,264,20,27
23,1,161,212,32,39
23,2,104,207,32,39
23,3,134,143,25,13
23,4,133,232,15,22
23,5,204,171,28,16
23,6,219,141,34,27
23,7,61,141,20,19
23,8,145,275,20,40
23,9,44,118,25,18
23,10,172,264,20,27
24,1,163,207,29,30
24,2,102,206,31,34
24,3,134,143,25,13
24,4,133,232,15,22
24,5,204,171,28,16
24,6,217,139,39,27
24,7,61,141,20,19
24,8,145,275,20,40
24,9,43,117,25,18
24,10,172,264,20,27
25,1,161,209,37,39
25,2,101,211,32,41
25,3,124,118,25,17
25,4,133,232,15,22
25,5,204,171,28,16
25,6,217,139,40,28
25,7,61,141,20,19
25,8,140,275,14,29
25,9,43,119,27,25
25,10,172,264,20,27
26,1,162,207,38,38
26,2,99,213,32,40
26,3,125,117,24,16
26,4,133,232,15,22
26,5,204,171,28,16
26,6,220,139,36,31
26,7,61,141,20,19
26,8,137,271,11,28
26,9,44,118,29,24
26,10,169,270,17,23
27,1,164,206,38,39
27,2,97,216,32,43
27,3,133,140,25,12
27,4,133,232,15,22
27,5,204,171,28,16
27,6,219,136,38,28
27,7,61,141,20,19
27,8,137,271,11,28
27,9,42,117,27,25
27,10,169,270,17,23
28,1,164,203,39,37
28,2,95,217,32,45
28,3,133,139,25,13
28,4,133,232,15,22
28,5,204,171,28,16
28,6,219,135,38,28
28,7,61,141,20,19
28,8,137,271,11,28
28,9,41,116,27,25
28,10,168,266,17,25
28,11,128,113,26,13
29,1,165,203,39,40
29,2,94,219,35,45
29,3,133,139,25,13
29,4,133,232,15,22
29,5,204,171,28,16
29,6,219,132,38,26
29,7,61,141,20,19
29,8,136,271,13,33
29,9,42,115,29,24
29,10,168,266,17,25
29,11,126,115,30,18
30,1,167,203,39,42
30,2,93,221,37,46
30,3,133,138,24,14
30,4,133,232,15,22
30,5,204,171,28,16
30,6,219,132,40,28
30,7,61,141,20,19
30,8,138,274,21,44
30,9,41,114,28,25
30,10,165,267,19,29
30,11,123,115,27,18
31,1,168,200,41,41
31,2,92,223,39,46
31,3,133,138,24,14
31,4,133,232,15,22
31,5,204,171,28,16
31,6,220,131,40,30
31,7,61,141,20,19
31,8,137,274,21,44
31,9,41,113,29,25
31,10,165,267,20,29
31,11,122,117,27,24
32,1,170,197,41,39
32,2,91,225,41,46
32,3,133,138,24,14
32,4,133,232,15,22
32,5,204,171,28,16
32,6,220,129,40,29
32,7,61,141,20,19
32,8,138,276,26,44
32,9,41,112,30,25
32,10,164,271,21,36
32,11,121,116,27,25
33,1,171,195,40,39
33,2,87,226,37,46
33,3,133,138,24,14
33,4,133,232,15,22
33,5,204,171,28,16
33,6,221,127,40,29
33,7,61,141,20,19
33,8,137,275,27,46
33,9,38,111,27,25
33,10,164,272,21,34
33,11,122,112,29,19
34,1,171,192,41,35
34,2,86,227,39,47
34,3,133,138,24,14
34,4,133,232,15,22
34,5,204,171,28,16
34,6,220,127,41,30
34,7,61,141,20,19
34,8,138,276,32,45
34,9,39,110,29,25
34,10,162,272,19,33
34,11,119,116,25,27
35,1,172,193,37,40
35,2,85,229,41,47
35,3,133,138,24,14
35,4,133,232,15,22
35,5,204,171,28,16
35,6,222,129,40,37
35,7,61,141,20,19
35,8,134,276,26,46
35,9,38,110,28,27
35,10,161,273,19,32
35,11,118,116,25,28
36,1,175,191,41,41
36,2,85,232,42,46
36,3,133,138,24,14
36,4,133,232,15,22
36,6,221,125,41,33
36,7,61,141,20,19
36,8,132,275,27,47
36,9,38,109,29,26
36,10,161,273,19,31
36,11,118,115,26,29
37,1,176,189,40,39
37,2,83,234,42,46
37,3,133,138,24,14
37,4,133,232,15,22
37,6,223,126,40,36
37,7,61,141,20,19
37,8,131,276,28,47
37,9,41,105,33,21
37,10,160,269,15,22
37,11,117,115,27,29
38,1,176,189,39,42
38,2,81,236,42,46
38,3,133,138,24,14
38,4,133,232,15,22
38,6,222,122,41,33
38,7,61,141,20,19
38,8,130,276,29,47
38,9,41,104,33,21
38,10,160,269,15,22
38,11,116,114,27,29
39,1,177,180,38,29
39,2,79,238,42,46
39,3,133,138,24,14
39,6,222,121,41,33
39,7,61,141,20,19
39,8,130,277,32,47
39,9,43,102,36,20
39,10,155,272,21,17
39,11,116,117,28,36
39,12,218,142,23,15
40,1,178,180,36,30
40,2,77,239,42,47
40,3,133,138,24,14
40,6,223,121,42,36
40,7,61,141,20,19
40,8,127,277,29,47
40,9,43,102,36,23
40,10,155,272,21,17
40,11,114,116,27,36
40,12,219,140,23,15
41,1,176,178,30,31
41,2,75,240,42,47
41,3,133,138,24,14
41,6,223,119,42,34
41,8,127,278,32,47
41,9,44,101,36,23
41,10,155,272,21,17
41,11,113,116,27,36
41,12,219,139,23,14
42,1,176,177,29,32
42,2,73,242,42,47
42,3,133,138,24,14
42,6,224,118,42,36
42,8,125,278,32,47
42,9,47,104,43,30
42,10,155,272,21,17
42,11,113,117,29,41
42,12,220,137,22,15
43,1,176,171,29,25
43,2,71,244,42,47
43,3,133,138,24,14
43,6,224,115,42,32
43,8,123,278,31,47
43,9,47,103,43,31
43,10,155,272,21,17
43,11,112,117,29,42
43,12,220,136,22,15
44,1,178,170,28,24
44,2,69,246,42,47
44,3,133,138,24,14
44,6,225,116,42,36
44,8,122,279,33,47
44,9,47,103,43,32
44,10,155,272,21,17
44,11,112,116,30,42
44,12,221,135,23,15
45,1,178,169,27,26
45,2,67,248,43,47
45,3,133,138,24,14
45,6,225,114,42,36
45,8,121,279,33,47
45,9,47,100,43,31
45,10,155,272,21,17
45,11,111,116,30,42
45,12,221,134,23,16
46,1,180,166,26,24
46,2,65,250,43,47
46,3,133,138,24,14
46,6,226,113,42,36
46,8,119,280,33,47
46,9,48,101,43,35
46,10,155,272,21,17
46,11,110,114,30,41
46,12,222,133,22,16
47,1,181,165,26,24
47,2,63,252,43,47
47,3,133,138,24,14
47,6,226,111,42,37
47,8,118,280,33,47
47,9,48,100,43,35
47,10,155,272,21,17
47,11,109,114,30,42
47,12,223,131,24,16
48,1,181,164,25,26
48,2,62,254,43,47
48,3,133,138,24,14
48,6,226,111,42,38
48,8,117,281,34,47
48,9,48,98,43,32
48,10,155,272,21,17
48,11,108,113,30,43
48,12,223,130,20,15
49,1,183,161,25,24
49,2,60,255,43,47
49,3,133,138,24,14
49,6,227,109,42,38
49,8,115,281,35,47
49,9,48,96,42,31
49,10,155,272,21,17
49,11,107,113,30,43
49,12,224,128,20,15
50,1,184,160,25,24
50,2,58,257,43,47
50,3,133,138,24,14
50,6,227,108,42,38
50,8,114,281,35,47
50,9,49,97,42,35
50,10,155,272,21,17
50,11,107,110,32,40
50,12,224,127,20,15
51,1,185,158,25,24
51,2,56,259,43,47
51,6,228,107,43,39
51,8,112,282,35,47
51,9,49,95,43,32
51,10,155,272,21,17
51,11,105,109,33,43
51,12,225,126,20,15
52,1,187,157,25,26
52,2,54,262,43,48
52,6,228,105,43,38
52,8,111,282,34,47
52,9,49,93,42,32
52,10,155,272,21,17
52,11,108,108,42,43
52,12,225,124,20,15
52,13,44,114,23,16
53,1,188,155,25,24
53,2,52,264,43,48
53,6,229,104,43,38
53,8,110,283,36,47
53,9,49,92,42,32
53,10,155,272,21,17
53,11,106,107,42,45
53,12,226,123,20,15
53,13,46,113,26,17
54,1,189,153,25,24
54,2,50,266,43,48
54,6,229,102,43,38
54,8,108,283,35,47
54,9,50,91,42,33
54,10,155,272,21,17
54,11,105,106,42,47
54,12,226,121,20,15
54,13,46,112,25,16
55,1,191,152,25,26
55,2,48,268,43,48
55,6,230,101,43,39
55,8,107,284,36,47
55,9,50,91,42,34
55,10,155,272,21,17
55,11,103,105,42,47
55,12,227,120,20,15
55,13,46,111,25,16
56,1,192,149,25,24
56,2,46,270,43,48
56,6,229,100,43,39
56,8,108,284,42,47
56,9,50,89,42,33
56,10,155,272,21,17
56,11,101,103,42,47
56,12,226,119,21,15
56,13,47,110,26,16
57,1,193,147,25,22
57,2,44,272,43,48
57,6,229,98,43,36
57,8,104,284,36,47
57,9,50,88,42,33
57,10,155,272,21,17
57,11,100,102,42,47
57,12,227,118,20,15
57,13,47,109,26,17
58,1,195,146,24,24
58,2,42,273,43,48
58,6,228,96,43,34
58,8,105,285,43,47
58,9,51,88,42,36
58,10,155,272,21,17
58,11,98,100,42,46
58,12,226,118,22,16
58,13,48,107,26,17
59,1,196,143,25,23
59,2,40,275,43,48
59,6,228,100,43,47
59,8,101,285,36,47
59,9,51,86,42,35
59,10,155,272,21,17
59,11,96,98,42,47
59,12,226,118,22,16
59,13,49,107,24,14
60,1,197,143,24,23
60,2,39,276,43,47
60,6,228,95,43,38
60,8,102,286,43,47
60,9,51,91,42,46
60,11,94,97,42,46
60,12,227,115,24,16
60,13,49,107,24,14
61,1,198,140,23,19
61,2,37,278,43,47
61,6,227,92,43,34
61,8,100,286,43,47
61,9,51,91,42,46
61,11,72,92,85,51
61,12,227,114,24,16
61,13,50,104,24,19
62,1,199,139,23,21
62,2,35,280,43,47
62,6,227,91,43,35
62,8,97,286,36,47
62,9,51,91,42,46
62,11,71,91,83,50
62,12,227,113,24,16
62,13,50,104,24,19
63,1,200,139,21,19
63,2,33,282,43,47
63,6,227,89,43,33
63,8,99,285,43,47
63,9,51,91,42,46
63,11,71,90,80,50
63,12,228,112,24,16
63,13,50,104,24,19
64,1,200,139,21,19
64,2,31,284,43,47
64,6,226,87,43,31
64,8,98,285,43,47
64,9,51,91,42,46
64,11,70,88,79,50
64,12,226,111,27,16
64,13,50,104,24,19
65,1,200,139,21,19
65,2,29,286,43,47
65,6,226,87,43,32
65,8,97,285,43,47
65,9,51,91,42,46
65,11,69,86,77,49
65,12,227,110,24,16
65,13,50,104,24,19
66,1,200,139,21,19
66,2,27,287,43,47
66,6,226,85,43,31
66,8,97,284,43,47
66,9,51,91,42,46
66,11,68,85,75,49
66,12,226,109,27,16
66,13,50,104,24,19
67,1,200,139,21,19
67,2,25,289,43,47
67,6,225,92,43,47
67,8,96,284,43,47
67,9,51,91,42,46
67,11,68,84,72,48
67,12,226,109,27,16
67,13,50,104,24,19
68,1,200,139,21,19
68,2,23,291,43,47
68,6,225,91,43,46
68,8,95,283,43,47
68,9,51,91,42,46
68,11,67,82,71,47
68,12,226,109,27,16
68,13,50,104,24,19
69,1,200,139,21,19
69,2,21,293,43,47
69,6,224,90,43,46
69,8,94,283,43,47
69,9,51,91,42,46
69,11,66,81,69,47
69,12,226,109,27,16
69,13,50,104,24,19
70,1,200,139,21,19
70,2,20,295,41,47
70,6,224,89,43,46
70,8,94,283,43,47
70,9,51,91,42,46
70,11,65,79,67,47
70,12,226,109,27,16
70,13,50,104,24,19
71,1,200,139,21,19
71,2,19,297,39,47
71,6,224,88,43,46
71,8,93,282,43,47
71,9,51,91,42,46
71,11,65,77,66,47
71,12,226,109,27,16
71,13,50,104,24,19
72,1,200,139,21,19
72,2,19,299,38,47
72,6,226,97,37,23
72,8,92,282,43,47
72,9,51,91,42,46
72,11,65,76,62,50
72,12,226,109,27,16
72,13,50,104,24,19
72,14,221,76,38,27
73,1,200,139,21,19
73,2,18,301,36,47
73,6,226,96,35,23
73,8,91,281,43,47
73,9,51,91,42,46
73,11,64,73,59,51
73,12,226,109,27,16
73,13,50,104,24,19
73,14,221,76,38,28
74,1,200,139,21,19
74,2,17,302,34,47
74,6,226,96,35,23
74,8,90,281,43,47
74,9,51,91,42,46
74,11,64,71,56,53
74,12,226,109,27,16
74,13,50,104,24,19
74,14,221,75,38,28
75,1,234,127,28,36
75,2,18,304,36,47
75,6,224,96,32,17
75,8,84,281,30,46
75,9,51,91,42,46
75,11,64,69,54,54
75,12,226,109,27,16
75,13,50,104,24,19
75,14,220,74,38,29
75,15,101,283,22,26
76,1,234,125,29,37
76,2,19,306,38,47
76,6,224,96,32,18
76,8,89,280,43,46
76,9,51,91,42,46
76,11,63,66,51,55
76,12,226,109,27,16
76,13,50,104,24,19
76,14,220,73,38,29
76,15,101,283,22,26
77,1,236,125,30,38
77,2,19,308,39,47
77,6,225,92,35,23
77,8,88,280,43,46
77,9,51,91,42,46
77,11,63,63,48,55
77,12,226,109,27,16
77,13,50,104,24,19
77,14,220,73,38,30
77,15,101,283,22,26
78,1,236,123,31,39
78,2,20,310,41,47
78,6,223,94,33,18
78,8,87,279,43,47
78,9,51,91,42,46
78,11,62,61,45,56
78,12,226,109,27,16
78,13,50,104,24,19
78,14,219,72,38,30
78,15,101,283,22,26
79,1,237,122,32,40
79,2,21,312,43,47
79,6,223,92,33,16
79,8,87,279,43,46
79,9,51,91,42,46
79,11,62,59,43,58
79,12,226,109,27,16
79,13,50,104,24,19
79,14,219,71,38,30
79,15,101,283,22,26
80,1,239,121,32,44
80,2,23,315,43,46
80,6,223,92,33,16
80,8,86,279,43,46
80,9,51,91,42,46
80,11,61,57,45,61
80,12,226,109,27,16
80,13,50,104,24,19
80,14,220,77,42,44
80,15,101,283,22,26
81,1,240,119,32,44
81,2,25,317,43,45
81,6,223,92,33,16
81,8,85,278,43,46
81,11,61,55,49,62
81,12,226,109,27,16
81,13,50,104,24,19
81,14,220,77,42,46
81,15,101,283,22,26
82,1,240,119,32,44
82,2,27,319,43,46
82,6,228,96,58,86
82,8,84,278,43,47
82,11,61,52,51,63
82,12,226,109,27,16
82,14,220,77,42,46
82,15,101,283,22,26
83,1,241,115,35,45
83,2,29,319,43,47
83,6,228,96,58,86
83,8,84,277,43,46
83,11,61,50,54,65
83,12,226,109,27,16
83,14,219,75,42,46
83,15,101,283,22,26
84,1,241,115,35,45
84,2,31,321,43,47
84,6,229,93,63,85
84,8,83,277,43,46
84,11,61,47,58,65
84,12,226,109,27,16
84,14,219,75,42,46
84,15,101,283,22,26
85,1,241,115,35,45
85,2,33,323,43,47
85,6,230,91,64,85
85,8,82,277,43,46
85,11,60,45,61,66
85,12,226,109,27,16
85,14,219,75,42,46
85,15,101,283,22,26
86,1,246,109,36,46
86,2,35,325,43,47
86,6,230,91,64,85
86,8,81,276,43,46
86,11,60,43,63,68
86,12,226,109,27,16
86,14,218,70,42,45
86,15,101,283,22,26
87,1,246,108,35,46
87,2,37,327,43,47
87,6,230,91,64,85
87,8,80,276,43,47
87,11,60,40,66,69
87,14,218,69,42,45
87,15,101,283,22,26
88,1,246,108,35,46
88,2,39,329,43,47
88,6,231,87,68,83
88,8,79,276,43,47
88,11,59,38,69,71
88,14,218,69,42,45
88,15,101,283,22,26
89,1,246,108,35,46
89,2,40,331,43,47
89,6,231,86,71,82
89,8,78,276,43,47
89,11,60,36,72,72
89,14,218,69,42,45
89,15,101,283,22,26
90,1,246,108,35,46
90,2,42,333,43,47
90,6,232,85,72,82
90,8,77,275,43,47
90,11,43,47,43,46
90,14,218,69,42,45
90,15,101,283,22,26
90,16,75,21,43,43
91,1,246,108,35,46
91,2,44,334,43,47
91,6,232,83,74,81
91,8,76,275,43,47
91,11,41,46,43,46
91,14,218,69,42,45
91,15,101,283,22,26
91,16,76,20,43,40
92,1,246,108,35,46
92,2,46,336,43,47
92,6,233,82,76,80
92,8,75,275,43,47
92,11,39,44,43,46
92,14,218,69,42,45
92,15,101,283,22,26
92,16,76,18,41,37
93,1,246,108,35,46
93,2,48,337,43,45
93,6,233,81,77,80
93,8,74,275,43,47
93,11,38,42,43,46
93,14,218,69,42,45
93,15,101,283,22,26
93,16,77,20,41,40
94,1,254,96,40,46
94,2,50,338,43,43
94,6,233,81,77,80
94,8,73,275,43,47
94,11,36,41,43,46
94,14,215,63,42,47
94,15,101,283,22,26
94,16,78,21,41,42
95,1,254,94,41,46
95,2,52,339,43,41
95,6,233,81,77,80
95,8,72,275,43,46
95,11,34,39,43,46
95,14,215,62,42,47
95,15,101,283,22,26
95,16,80,23,42,47
96,1,254,93,39,46
96,2,54,340,43,39
96,6,233,81,77,80
96,8,71,274,43,47
96,11,33,37,43,47
96,14,214,61,40,46
96,16,81,26,43,47
97,1,257,91,42,47
97,2,56,341,43,37
97,6,233,81,77,80
97,8,69,274,43,47
97,11,31,36,43,47
97,14,214,60,42,47
97,16,82,29,42,47
98,1,258,89,42,47
98,2,58,342,43,35
98,6,233,81,77,80
98,8,68,274,43,47
98,11,29,34,43,47
98,14,214,58,42,47
98,16,84,32,42,47
99,1,259,87,42,47
99,2,60,343,43,34
99,6,233,81,77,80
99,8,67,274,43,47
99,11,27,32,43,47
99,14,214,57,42,47
99,16,85,35,42,47
100,1,261,86,42,47
100,2,62,344,43,32
100,6,233,81,77,80
100,8,66,273,43,47
100,11,26,31,43,47
100,14,212,56,41,47
100,16,86,38,42,47
101,1,262,84,42,47
101,2,63,345,43,30
101,6,233,81,77,80
101,8,65,273,43,47
101,11,24,29,43,47
101,14,213,55,42,47
101,16,87,41,42,47
102,1,263,82,42,47
102,2,66,346,44,28
102,6,233,81,77,80
102,8,64,273,43,47
102,11,22,27,43,47
102,14,212,54,42,47
102,16,88,44,42,47
103,1,265,81,42,47
103,2,67,347,43,26
103,6,233,81,77,80
103,8,63,273,43,47
103,11,21,26,43,47
103,14,212,53,42,47
103,16,89,47,42,47
104,1,266,79,42,47
104,2,69,346,43,28
104,6,233,81,77,80
104,8,62,273,43,47
104,11,19,24,39,47
104,14,212,52,42,47
104,16,90,50,42,47
105,1,267,77,42,47
105,2,72,345,44,30
105,6,233,81,77,80
105,8,61,272,43,47
105,11,18,23,37,47
105,14,211,51,42,47
105,16,91,53,42,47
106,1,269,76,42,47
106,2,73,344,43,32
106,6,233,81,77,80
106,8,60,272,43,47
106,11,17,22,35,45
106,14,211,50,42,47
106,16,92,56,42,47
107,1,270,74,43,47
107,2,75,343,43,34
107,6,233,81,77,80
107,8,59,272,43,47
107,11,17,21,35,43
107,14,211,49,42,47
107,16,94,59,42,47
108,1,271,72,43,47
108,2,77,342,43,35
108,6,233,81,77,80
108,8,58,272,43,47
108,11,16,21,33,42
108,14,210,48,43,47
108,16,95,62,43,46
109,1,273,70,42,47
109,2,79,341,43,37
109,6,233,81,77,80
109,8,57,271,43,47
109,11,16,20,33,40
109,14,210,47,43,47
109,16,96,65,43,47
110,1,274,69,43,46
110,2,81,340,43,39
110,6,233,81,77,80
110,8,56,271,43,47
110,11,16,19,33,38
110,14,210,46,42,47
110,16,97,68,42,47
111,1,276,67,42,46
111,2,83,339,43,41
111,6,233,81,77,80
111,8,55,271,43,47
111,11,18,20,37,40
111,14,209,44,42,47
111,16,98,71,42,47
112,1,277,65,42,46
112,2,85,338,43,43
112,6,233,81,77,80
112,8,53,271,43,47
112,11,20,21,40,42
112,14,209,43,42,47
112,16,99,74,41,47
113,1,278,64,42,46
113,2,86,337,43,45
113,6,233,81,77,80
113,8,52,271,43,47
113,11,21,21,42,43
113,14,208,42,42,47
113,16,100,77,42,47
114,1,280,62,42,46
114,2,88,336,43,47
114,8,47,270,34,47
114,11,22,22,42,45
114,14,208,41,42,47
114,16,101,79,42,47
114,17,64,275,18,19
115,1,281,60,42,46
115,2,90,334,43,47
115,8,42,270,26,47
115,11,24,23,43,47
115,14,208,40,42,47
115,16,103,82,39,47
115,17,63,274,18,19
116,1,282,59,42,46
116,2,92,333,43,47
116,8,40,270,25,47
116,11,26,24,43,47
116,14,207,39,42,47
116,16,106,85,38,47
116,17,62,271,18,25
117,1,284,57,42,46
117,2,94,331,43,47
117,8,40,270,26,47
117,11,27,26,43,47
117,14,207,38,42,47
117,16,107,88,37,47
117,17,61,271,18,25
118,1,285,55,42,46
118,2,96,329,43,47
118,8,39,270,27,47
118,11,29,27,42,47
118,14,207,37,42,47
118,16,109,91,36,47
118,17,60,271,17,24
119,1,286,53,42,46
119,2,98,327,43,47
119,8,38,269,27,47
119,11,31,29,42,47
119,14,206,36,42,47
119,16,110,94,36,47
119,17,59,270,18,25
120,1,288,52,42,46
120,2,100,325,43,47
120,8,37,269,27,47
120,11,33,31,43,47
120,14,206,35,42,46
120,16,112,97,35,46
120,17,58,270,18,25
121,1,289,50,42,47
121,2,102,323,43,47
121,8,36,269,27,47
121,11,37,32,38,47
121,14,205,34,43,46
121,16,113,100,36,46
121,17,57,270,18,24
122,1,290,48,42,47
122,2,104,321,43,47
122,8,35,269,27,47
122,11,39,34,37,46
122,14,205,33,42,46
122,16,114,103,36,46
122,17,56,269,17,23
123,1,292,47,42,47
123,2,106,319,43,47
123,8,42,268,43,47
123,11,41,36,37,47
123,14,205,32,42,46
123,16,115,106,36,46
123,17,56,269,17,23
124,1,293,45,42,47
124,2,108,319,43,48
124,8,34,268,28,47
124,11,42,37,37,46
124,14,204,31,42,46
124,16,116,109,36,46
124,17,53,269,20,24
125,1,294,43,42,47
125,2,109,317,43,48
125,8,33,268,29,47
125,11,45,40,37,46
125,14,204,29,42,47
125,16,118,111,36,44
125,17,52,269,20,24
126,1,296,42,42,47
126,2,111,314,43,47
126,8,38,268,43,47
126,11,47,42,37,46
126,14,204,28,42,47
126,16,114,102,20,17
126,17,52,269,20,24
126,18,130,117,13,26
127,1,297,40,42,47
127,2,113,312,43,47
127,8,37,268,43,47
127,11,50,45,37,46
127,14,203,27,42,47
127,16,114,102,20,17
127,17,52,269,20,24
127,18,130,117,13,26
128,1,299,38,42,47
128,2,115,310,43,47
128,8,36,267,43,47
128,11,51,47,39,46
128,14,203,26,42,47
128,16,108,131,22,26
128,17,52,269,20,24
128,18,131,127,15,26
129,1,300,36,42,47
129,2,117,309,43,46
129,8,35,267,43,47
129,11,55,50,37,46
129,14,202,25,42,47
129,16,108,132,23,29
129,17,52,269,20,24
129,18,131,127,15,26
130,1,301,35,42,47
130,2,119,308,43,44
130,8,34,267,43,47
130,11,57,52,37,46
130,14,202,24,42,47
130,16,109,134,23,31
130,17,52,269,20,24
130,18,131,127,15,26
131,1,303,33,42,47
131,2,121,306,43,43
131,8,33,267,43,47
131,11,60,55,37,46
131,14,201,23,42,46
131,16,111,132,25,42
131,17,52,269,20,24
131,18,131,127,15,26
132,1,304,31,43,47
132,2,123,304,43,44
132,8,32,267,43,47
132,11,64,57,33,47
132,14,200,22,42,45
132,16,112,134,25,40
132,17,52,269,20,24
132,18,131,127,15,26
133,1,305,30,42,47
133,2,125,303,43,44
133,8,32,266,44,47
133,11,67,59,33,47
133,14,200,22,42,44
133,16,114,137,25,40
133,17,52,269,20,24
133,18,131,127,15,26
134,1,307,28,42,47
134,2,127,301,43,43
134,8,30,266,43,47
134,11,70,61,33,47
134,14,199,21,42,42
134,16,115,140,25,40
134,17,52,269,20,24
134,18,131,127,15,26
135,1,308,26,42,47
135,2,129,299,43,43
135,8,29,266,43,47
135,11,72,62,35,47
135,14,198,20,42,40
135,16,116,143,25,40
135,17,52,269,20,24
135,18,131,127,15,26
136,1,309,25,42,47
136,2,131,297,43,43
136,8,28,266,43,47
136,11,74,64,37,47
136,14,197,19,42,39
136,16,117,146,25,40
136,17,52,269,20,24
136,18,131,127,15,26
137,1,311,23,42,47
137,2,132,295,43,43
137,8,27,266,43,47
137,11,76,66,37,46
137,14,197,19,42,38
137,16,118,147,25,37
137,17,52,269,20,24
137,18,131,127,15,26
138,1,312,22,42,44
138,2,135,293,42,43
138,8,26,265,43,47
138,11,78,68,39,46
138,14,196,20,42,40
138,16,119,153,25,42
138,17,52,269,20,24
138,18,131,127,15,26
139,1,313,22,42,44
139,2,137,289,41,47
139,8,25,265,43,47
139,11,80,70,42,46
139,14,195,20,42,41
139,16,120,156,27,44
139,17,52,269,20,24
139,18,131,127,15,26
140,1,315,21,42,42
140,2,140,287,40,47
140,8,24,265,43,47
140,11,82,72,43,46
140,14,195,21,42,43
140,16,124,160,32,44
140,17,52,269,20,24
140,18,131,127,15,26
141,1,316,20,42,40
141,2,141,288,39,44
141,8,22,265,43,47
141,11,85,73,42,46
141,14,194,22,42,44
141,16,124,162,32,45
141,17,52,269,20,24
141,18,131,127,15,26
142,1,318,19,42,38
142,2,144,286,38,43
142,8,21,264,43,47
142,11,87,74,42,46
142,14,193,22,42,45
142,16,125,166,34,45
142,17,52,269,20,24
142,18,131,127,15,26
143,1,319,20,42,40
143,2,145,292,35,27
143,8,21,264,42,47
143,11,89,76,42,46
143,14,193,23,42,46
143,16,126,169,35,45
143,17,52,269,20,24
143,18,131,127,15,26
143,19,138,269,19,17
144,1,320,21,42,42
144,2,149,287,34,34
144,8,20,264,41,47
144,11,90,77,43,47
144,14,192,24,43,47
144,16,126,173,35,44
144,17,52,269,20,24
144,18,131,127,15,26
144,19,139,268,21,15
145,1,322,22,42,44
145,2,153,279,32,22
145,8,20,264,40,47
145,11,93,78,42,47
145,14,191,25,43,47
145,16,126,176,35,44
145,17,52,269,20,24
145,18,131,127,15,26
145,19,139,268,21,15
146,1,323,22,42,45
146,2,153,279,32,22
146,8,19,264,39,47
146,11,94,79,43,47
146,14,190,26,43,47
146,16,127,179,35,45
146,18,131,127,15,26
146,19,139,268,21,15
147,1,324,23,42,47
147,2,153,279,32,22
147,8,19,263,38,47
147,11,96,80,43,47
147,14,190,27,43,47
147,16,126,181,33,42
147,18,131,127,15,26
147,19,139,268,21,15
148,1,326,25,42,47
148,2,153,279,32,22
148,8,18,263,37,47
148,11,102,80,38,47
148,14,187,30,40,47
148,16,125,184,31,42
148,18,131,127,15,26
148,19,139,268,21,15
149,1,327,26,42,47
149,2,153,279,32,22
149,8,18,263,36,47
149,11,104,81,39,47
149,14,186,32,41,47
149,16,132,192,42,42
149,19,139,268,21,15
150,1,328,28,42,47
150,2,153,279,32,22
150,8,17,263,35,47
150,11,107,81,40,47
150,14,184,34,41,47
150,16,132,195,42,42
150,19,139,268,21,15
151,1,330,30,42,47
151,2,153,279,32,22
151,8,18,263,36,47
151,11,108,82,41,47
151,14,184,36,42,47
151,16,132,199,43,42
151,19,153,251,23,15
152,1,331,31,42,47
152,2,153,279,32,22
152,8,18,262,37,47
152,11,111,83,41,47
152,14,183,38,43,46
152,16,133,202,43,42
152,19,155,249,27,15
153,1,332,33,42,47
153,2,166,266,38,29
153,8,19,262,38,47
153,11,114,83,42,47
153,14,181,40,43,46
153,16,133,205,43,41
153,19,158,248,28,17
154,1,334,35,42,47
154,2,166,259,42,42
154,8,19,262,39,47
154,11,116,84,43,47
154,14,180,42,43,46
154,16,133,209,43,43
154,19,158,248,28,17
155,1,335,36,42,47
155,2,167,258,42,44
155,8,20,262,40,47
155,11,119,84,43,47
155,14,178,44,42,46
155,16,134,211,43,44
155,19,158,248,28,17
156,1,336,38,43,47
156,2,169,256,43,45
156,8,20,262,41,47
156,11,121,85,43,47
156,14,177,46,43,47
156,16,128,206,31,29
156,19,158,248,28,17
156,20,130,231,20,16
156,21,147,221,14,27
157,1,338,40,42,47
157,2,171,254,43,45
157,8,21,261,42,46
157,11,124,85,43,47
157,14,176,48,43,46
157,16,128,208,30,27
157,19,158,248,28,17
157,20,130,234,20,16
157,21,147,221,14,27
158,1,339,42,42,47
158,2,173,253,43,45
158,8,21,261,43,46
158,11,127,86,43,47
158,14,174,50,43,46
158,16,126,210,25,23
158,19,158,248,28,17
158,20,129,234,22,23
158,21,147,221,14,27
159,1,341,43,43,47
159,2,175,251,43,45
159,8,22,260,43,44
159,11,130,86,43,47
159,14,173,52,43,46
159,16,126,212,25,20
159,19,158,248,28,17
159,20,129,236,22,26
159,21,147,221,14,27
160,1,342,45,43,47
160,2,177,250,43,46
160,8,24,259,43,42
160,11,133,87,43,47
160,14,171,55,43,46
160,16,127,218,24,24
160,19,158,248,28,17
160,20,129,243,22,16
160,21,147,221,14,27
161,1,343,47,43,47
161,2,179,248,43,46
161,8,25,258,43,43
161,11,135,87,43,47
161,14,170,57,43,46
161,16,127,218,24,24
161,19,158,248,28,17
161,20,129,243,22,16
161,21,147,221,14,27
162,1,345,48,43,47
162,2,180,246,43,46
162,8,26,258,43,43
162,11,138,88,43,47
162,14,168,59,43,46
162,16,127,218,24,24
162,19,158,248,28,17
162,20,129,243,22,16
162,21,147,221,14,27
163,1,346,50,43,47
163,2,182,244,43,46
163,8,27,258,43,43
163,11,154,75,69,74
163,14,168,59,43,46
163,16,127,218,24,24
163,19,148,254,19,20
163,20,141,242,18,20
163,21,147,221,14,27
164,1,347,52,43,47
164,2,184,242,43,47
164,8,28,258,43,43
164,11,155,76,65,73
164,14,168,59,43,46
164,16,127,218,24,24
164,19,148,254,19,20
164,20,142,245,32,43
164,21,147,221,14,27
165,1,349,53,42,47
165,2,186,241,43,48
165,8,29,258,43,43
165,11,156,77,60,71
165,14,168,59,43,46
165,16,127,218,24,24
165,19,148,254,19,20
165,20,140,249,37,43
165,21,147,221,14,27
166,1,350,55,42,47
166,2,188,239,43,47
166,8,30,258,43,44
166,11,156,79,56,70
166,14,168,59,43,46
166,16,127,218,24,24
166,19,148,254,19,20
166,20,139,252,40,43
166,21,147,221,14,27
167,1,351,57,42,47
167,2,190,238,43,48
167,8,31,258,43,44
167,11,156,80,51,68
167,14,168,59,43,46
167,16,127,218,24,24
167,19,148,254,19,20
167,20,138,256,42,43
167,21,147,221,14,27
168,1,353,59,42,47
168,2,192,235,43,47
168,8,32,258,43,44
168,11,158,81,48,67
168,14,168,59,43,46
168,16,127,218,24,24
168,19,148,254,19,20
168,20,138,259,43,44
168,21,147,221,14,27
169,1,353,60,41,47
169,2,195,233,44,47
169,8,34,258,44,45
169,11,159,82,44,65
169,14,168,59,43,46
169,16,127,218,24,24
169,19,148,254,19,20
169,20,138,262,43,45
169,21,147,221,14,27
170,1,355,62,42,47
170,2,196,231,43,47
170,8,35,258,44,45
170,11,159,84,43,65
170,14,168,59,43,46
170,16,127,218,24,24
170,19,148,254,19,20
170,20,138,264,43,45
170,21,147,221,14,27
171,1,357,64,43,47
171,2,198,229,43,47
171,8,37,257,41,45
171,11,161,85,46,63
171,14,168,59,43,46
171,16,127,218,24,24
171,19,148,254,19,20
171,20,139,266,43,43
171,21,147,221,14,27
172,1,358,65,42,47
172,2,200,227,43,47
172,8,38,257,41,45
172,11,162,87,50,62
172,14,168,59,43,46
172,16,127,218,24,24
172,19,153,271,16,21
172,20,131,262,27,26
172,21,147,221,14,27
173,1,359,67,43,47
173,2,202,225,43,47
173,8,39,257,41,45
173,11,164,88,54,60
173,14,168,59,43,46
173,16,127,218,24,24
173,19,153,271,16,21
173,20,130,264,25,24
173,21,147,221,14,27
174,1,361,69,43,47
174,2,203,224,43,47
174,8,40,257,41,45
174,11,165,88,58,57
174,14,168,59,43,46
174,16,127,218,24,24
174,19,144,281,31,19
174,20,131,265,25,19
174,21,147,221,14,27
174,22,144,297,28,11
175,1,362,70,43,47
175,2,205,222,43,47
175,8,42,257,42,46
175,11,166,89,60,55
175,14,168,59,43,46
175,16,127,218,24,24
175,19,144,281,31,19
175,20,132,269,24,17
175,21,147,221,14,27
175,22,142,293,35,26
176,1,364,72,43,47
176,2,207,220,43,47
176,8,43,257,42,46
176,11,166,91,63,55
176,14,168,59,43,46
176,16,127,218,24,24
176,19,144,281,31,19
176,20,132,269,24,17
176,21,147,221,14,27
176,22,142,288,40,43
177,1,365,74,43,47
177,2,209,218,43,47
177,8,44,257,42,46
177,11,168,92,67,53
177,14,168,59,43,46
177,16,127,218,24,24
177,19,144,281,31,19
177,20,132,269,24,17
177,22,142,292,42,43
178,1,366,76,43,47
178,2,211,216,42,47
178,8,45,257,42,46
178,11,169,93,71,51
178,14,168,59,43,46
178,16,127,218,24,24
178,19,144,281,31,19
178,20,132,269,24,17
178,22,141,295,43,43
179,1,368,77,42,47
179,2,213,214,42,47
179,8,45,256,41,45
179,11,171,94,74,51
179,14,168,59,43,46
179,16,127,218,24,24
179,19,144,281,31,19
179,20,132,269,24,17
179,22,141,299,43,43
180,1,369,79,43,47
180,2,215,212,42,47
180,8,46,256,42,46
180,11,172,96,76,50
180,14,168,59,43,46
180,16,127,218,24,24
180,19,144,281,31,19
180,20,132,269,24,17
180,22,142,302,43,44
181,1,370,81,43,46
181,2,217,210,42,47
181,8,47,256,42,46
181,11,173,97,80,49
181,14,168,59,43,46
181,19,144,281,31,19
181,20,132,269,24,17
181,22,142,304,43,47
182,1,372,82,42,47
182,2,219,208,42,46
182,8,48,256,42,46
182,11,174,98,83,47
182,14,168,59,43,46
182,19,144,281,31,19
182,20,132,269,24,17
182,22,142,307,43,47
183,1,373,84,42,47
183,2,221,207,42,46
183,8,49,256,42,46
183,11,152,100,40,46
183,19,144,281,31,19
183,20,132,269,24,17
183,22,143,311,43,47
183,23,197,99,43,48
184,1,374,86,42,46
184,2,223,205,42,47
184,8,50,256,42,46
184,11,152,102,41,46
184,19,144,281,31,19
184,20,132,269,24,17
184,22,143,314,43,47
184,23,200,99,43,46
185,1,376,87,42,47
185,2,225,203,42,47
185,8,51,255,42,46
185,11,152,104,43,46
185,19,144,281,31,19
185,20,132,269,24,17
185,22,143,318,43,47
185,23,202,99,43,45
186,1,377,89,42,47
186,2,226,201,42,47
186,8,51,254,43,45
186,11,152,106,42,46
186,19,144,281,31,19
186,20,132,269,24,17
186,22,143,322,43,47
186,23,205,100,43,46
187,1,378,91,42,47
187,2,228,199,43,47
187,8,52,254,43,45
187,11,151,108,42,46
187,19,144,281,31,19
187,20,132,269,24,17
187,22,143,326,43,47
187,23,208,100,43,45
188,1,380,93,42,47
188,2,230,197,43,47
188,8,53,254,42,45
188,11,151,110,42,46
188,19,144,281,31,19
188,20,132,269,24,17
188,22,142,330,43,47
188,23,211,101,43,46
189,1,381,95,42,48
189,2,232,195,43,47
189,8,55,255,42,46
189,11,150,112,42,46
189,19,144,281,31,19
189,20,132,269,24,17
189,22,142,333,43,47
189,23,213,102,43,46
190,1,383,96,43,47
190,2,234,193,43,47
190,8,56,254,43,46
190,11,150,114,42,46
190,19,144,281,31,19
190,20,132,269,24,17
190,22,142,337,43,46
190,23,216,102,43,45
191,1,384,98,43,47
191,2,236,192,43,47
191,8,57,254,43,46
191,11,150,115,42,45
191,19,144,281,31,19
191,20,132,269,24,17
191,22,142,339,43,42
191,23,219,104,43,43
192,1,385,99,42,47
192,2,238,190,42,46
192,8,58,246,43,31
192,11,150,116,42,43
192,19,144,281,31,19
192,20,132,269,24,17
192,22,142,341,43,38
192,23,220,105,39,42
192,24,59,269,34,18
193,1,387,101,42,47
193,2,240,188,42,46
193,8,59,254,43,47
193,11,150,120,42,46
193,19,144,281,31,19
193,20,132,269,24,17
193,22,142,343,43,34
193,23,221,108,34,37
193,24,59,269,34,18
194,1,388,103,42,47
194,2,242,186,42,46
194,8,60,253,43,47
194,11,149,120,41,45
194,19,144,281,31,19
194,20,132,269,24,17
194,22,142,344,43,31
194,23,226,117,27,20
194,24,59,269,34,18
195,1,389,104,42,46
195,2,244,184,42,46
195,8,61,253,43,47
195,11,150,120,40,41
195,20,132,269,24,17
195,22,142,346,43,27
195,23,227,120,22,16
195,24,59,269,34,18
195,25,244,106,14,29
196,1,390,106,41,46
196,2,246,182,42,46
196,8,62,253,43,47
196,11,149,121,39,39
196,22,142,344,43,31
196,23,227,120,22,16
196,24,59,269,34,18
196,25,238,105,32,39
197,1,391,108,41,46
197,2,248,180,42,47
197,8,63,253,43,47
197,11,150,124,37,41
197,22,142,343,43,34
197,23,227,120,22,16
197,24,59,269,34,18
197,25,239,107,35,44
198,1,393,109,42,47
198,2,249,178,42,47
198,8,64,253,43,47
198,11,150,125,35,39
198,22,141,341,43,38
198,23,227,120,22,16
198,24,59,269,34,18
198,25,241,105,37,45
199,1,395,111,42,46
199,2,251,177,42,47
199,8,65,252,43,47
199,11,151,127,34,39
199,22,141,339,43,42
199,23,227,120,22,16
199,24,59,269,34,18
199,25,246,107,32,46
200,1,396,113,42,46
200,2,253,175,42,47
200,8,66,252,43,47
200,11,151,131,33,42
200,22,141,337,43,46
200,23,227,120,22,16
200,24,59,269,34,18
200,25,246,107,37,46
201,1,397,115,42,46
201,2,254,173,42,47
201,8,67,252,43,47
201,11,150,132,33,40
201,22,141,334,43,48
201,23,227,120,22,16
201,24,59,269,34,18
201,25,251,108,33,46
202,1,399,116,42,46
202,2,255,170,42,47
202,8,68,252,43,47
202,11,150,133,33,39
202,22,142,330,44,47
202,23,227,120,22,16
202,24,59,269,34,18
202,25,253,108,36,46
203,1,400,118,42,46
203,2,256,168,42,47
203,8,69,252,43,47
203,11,150,135,32,36
203,22,142,326,44,47
203,23,227,120,22,16
203,24,59,269,34,18
203,25,255,109,38,46
204,1,401,120,43,47
204,2,258,166,43,47
204,8,71,251,43,47
204,11,146,132,22,24
204,22,141,322,43,47
204,23,227,120,22,16
204,24,59,269,34,18
204,25,255,109,37,46
205,1,403,121,42,47
205,2,259,164,42,47
205,8,72,251,43,47
205,11,146,133,20,21
205,22,141,318,43,47
205,23,227,120,22,16
205,24,59,269,34,18
205,25,258,110,41,47
206,1,404,123,42,48
206,2,260,162,42,47
206,8,73,251,43,47
206,11,145,134,19,16
206,22,141,314,43,47
206,23,227,120,22,16
206,24,59,269,34,18
206,25,261,110,42,46
207,1,406,125,42,48
207,2,261,160,42,47
207,8,74,251,43,47
207,11,145,134,19,16
207,22,140,311,43,47
207,23,227,120,22,16
207,24,59,269,34,18
207,25,264,111,42,46
208,1,407,126,42,47
208,2,262,158,42,47
208,8,75,251,43,47
208,11,145,134,19,16
208,22,140,307,43,47
208,23,227,120,22,16
208,24,59,269,34,18
208,25,266,111,42,46
209,1,408,128,42,47
209,2,262,158,42,47
209,8,76,250,43,47
209,11,145,134,19,16
209,22,140,304,43,46
209,23,227,120,22,16
209,24,59,269,34,18
209,25,266,134,48,91
210,1,410,130,42,47
210,2,262,158,42,47
210,8,77,250,43,47
210,11,145,134,19,16
210,22,140,301,43,43
210,23,227,120,22,16
210,24,59,269,34,18
210,25,268,134,50,88
211,1,411,132,42,46
211,2,262,158,42,47
211,8,78,250,43,47
211,11,145,134,19,16
211,22,140,297,43,43
211,23,227,120,22,16
211,24,59,269,34,18
211,25,270,133,53,86
212,1,412,133,42,46
212,2,262,158,42,47
212,8,79,250,43,47
212,11,130,158,29,22
212,22,140,294,43,43
212,23,227,120,22,16
212,24,59,269,34,18
212,25,272,132,55,83
213,1,414,135,42,46
213,2,262,158,42,47
213,8,80,249,43,47
213,11,131,161,32,41
213,22,141,290,41,43
213,23,227,120,22,16
213,25,274,131,56,80
214,1,415,137,42,46
214,2,262,158,42,47
214,8,81,249,43,47
214,11,130,163,33,42
214,22,141,286,40,44
214,23,227,120,22,16
214,25,276,130,58,77
215,1,416,138,42,46
215,2,262,158,42,47
215,8,82,249,43,47
215,11,130,165,34,43
215,22,143,280,29,23
215,23,227,120,22,16
215,25,278,129,60,75
215,26,145,298,25,12
215,27,131,266,25,19
216,1,418,140,42,46
216,2,262,158,42,47
216,8,83,249,43,47
216,11,130,167,35,42
216,22,143,280,29,23
216,25,279,128,61,71
216,26,145,298,25,12
216,27,131,264,25,22
217,1,419,142,42,47
217,2,262,158,42,47
217,8,84,249,43,47
217,11,129,169,35,42
217,22,153,272,15,20
217,25,281,127,63,69
217,26,145,298,25,12
217,27,130,262,25,25
218,1,420,143,42,47
218,2,262,158,42,47
218,8,85,248,43,47
218,11,128,169,35,44
218,22,142,273,38,31
218,25,283,127,64,66
218,26,145,298,25,12
218,27,132,260,29,28
219,1,422,145,42,47
219,2,262,158,42,47
219,8,87,248,43,47
219,11,127,171,35,44
219,22,142,273,38,31
219,25,285,126,66,64
219,26,145,298,25,12
219,27,139,264,43,45
220,1,423,147,42,47
220,2,262,158,42,47
220,8,88,248,43,47
220,11,126,172,35,45
220,22,142,273,38,31
220,25,287,125,67,61
220,26,145,298,25,12
220,27,139,262,43,46
221,1,424,149,42,47
221,2,262,158,42,47
221,8,89,248,43,47
221,11,126,174,35,45
221,22,142,273,38,31
221,25,289,124,69,59
221,26,145,298,25,12
221,27,139,259,43,45
222,1,426,150,42,47
222,2,262,158,42,47
222,8,90,248,43,47
222,11,125,176,35,46
222,22,142,273,38,31
222,25,291,124,71,56
222,26,145,298,25,12
222,27,140,256,42,43
223,1,427,152,42,47
223,2,262,158,42,47
223,8,91,247,43,47
223,11,124,178,35,46
223,22,142,273,38,31
223,25,293,122,72,53
223,26,145,298,25,12
223,27,141,252,40,43
224,1,429,154,42,47
224,2,262,158,42,47
224,8,92,247,43,47
224,11,123,180,35,46
224,22,142,273,38,31
224,25,295,122,74,50
224,26,145,298,25,12
224,27,142,248,37,43
225,1,430,155,42,47
225,2,262,158,42,47
225,8,93,247,43,47
225,11,121,182,33,46
225,22,142,273,38,31
225,25,297,121,76,48
225,26,145,298,25,12
225,27,141,244,40,43
226,1,431,157,42,47
226,2,262,158,42,47
226,8,94,247,43,47
226,11,122,184,34,46
226,22,142,273,38,31
226,25,299,120,78,47
226,26,145,298,25,12
226,27,140,241,41,43
227,1,433,159,42,47
227,2,262,158,42,47
227,8,95,246,43,47
227,11,122,186,37,46
227,22,142,273,38,31
227,25,300,119,79,49
227,26,145,298,25,12
227,27,152,248,17,19
228,1,434,160,43,47
228,2,262,158,42,47
228,8,96,246,43,47
228,11,123,196,41,62
228,22,142,273,38,31
228,25,303,119,82,53
228,26,145,298,25,12
228,27,152,248,17,19
229,1,435,162,43,47
229,8,97,246,43,47
229,11,126,195,49,57
229,22,142,273,38,31
229,25,305,118,84,55
229,26,145,298,25,12
229,27,152,248,17,19
230,1,437,164,43,47
230,8,98,246,43,47
230,11,127,194,53,51
230,22,142,273,38,31
230,25,285,112,42,47
230,26,145,298,25,12
230,27,152,248,17,19
230,28,328,123,43,47
231,1,438,166,43,47
231,8,99,246,43,47
231,11,132,199,62,57
231,22,142,273,38,31
231,25,286,110,42,47
231,26,145,298,25,12
231,27,152,248,17,19
231,28,331,123,43,47
232,1,439,167,43,47
232,8,100,245,43,47
232,11,132,203,64,60
232,22,142,273,38,31
232,25,286,108,40,47
232,26,145,298,25,12
232,27,152,248,17,19
232,28,333,124,42,47
233,1,441,169,43,47
233,8,102,245,43,47
233,11,132,205,67,60
233,22,142,273,38,31
233,25,288,106,42,47
233,26,145,298,25,12
233,27,152,248,17,19
233,28,336,124,43,47
234,1,442,171,43,47
234,8,103,245,43,47
234,11,150,210,34,47
234,22,142,273,38,31
234,25,289,103,43,47
234,26,145,298,25,12
234,27,152,248,17,19
234,28,339,125,42,47
234,29,115,197,34,41
235,1,443,172,43,47
235,8,104,245,43,47
235,11,132,205,71,52
235,22,142,273,38,31
235,25,290,101,42,47
235,26,145,298,25,12
235,27,152,248,17,19
235,28,342,125,42,47
235,29,115,197,34,41
236,1,445,174,43,47
236,8,104,244,43,47
236,11,132,203,71,47
236,22,142,273,38,31
236,25,291,99,41,47
236,27,152,248,17,19
236,28,345,126,42,47
236,29,115,197,34,41
237,1,446,176,43,47
237,8,104,244,43,47
237,11,126,222,84,91
237,22,142,273,38,31
237,25,292,97,41,47
237,27,152,248,17,19
237,28,347,126,42,47
237,29,115,197,34,41
238,1,447,177,43,47
238,8,104,244,43,47
238,11,127,220,84,93
238,22,142,273,38,31
238,25,294,95,42,47
238,27,152,248,17,19
238,28,350,127,42,47
238,29,115,197,34,41
239,1,449,179,43,47
239,8,104,244,43,47
239,11,128,218,84,97
239,25,295,93,42,47
239,27,152,248,17,19
239,28,353,128,42,47
239,29,115,197,34,41
240,1,450,181,43,47
240,8,110,227,49,77
240,11,128,218,84,97
240,25,296,91,42,47
240,27,152,248,17,19
240,28,356,128,43,47
240,29,115,197,34,41
240,30,151,189,39,46
241,1,451,181,42,47
241,8,111,228,48,75
241,11,128,218,84,97
241,25,297,89,42,47
241,27,152,248,17,19
241,28,359,129,43,47
241,29,115,197,34,41
241,30,152,186,38,46
242,1,452,182,42,47
242,8,111,229,46,72
242,11,128,218,84,97
242,25,298,87,42,47
242,27,152,248,17,19
242,28,361,129,43,47
242,29,115,197,34,41
242,30,152,182,40,46
243,1,452,183,42,47
243,8,111,230,46,70
243,11,128,218,84,97
243,25,299,85,42,47
243,27,152,248,17,19
243,28,364,130,43,46
243,29,115,197,34,41
243,30,152,179,42,46
244,1,453,184,42,47
244,8,110,230,44,67
244,11,128,218,84,97
244,25,300,82,42,47
244,27,152,248,17,19
244,28,367,130,42,47
244,29,115,197,34,41
244,30,153,175,42,46
245,1,454,184,42,47
245,8,111,231,44,65
245,11,128,218,84,97
245,25,301,80,42,47
245,27,152,248,17,19
245,28,370,131,43,47
245,29,115,197,34,41
245,30,150,166,35,35
245,31,163,186,23,17
246,1,455,185,42,47
246,8,111,232,45,63
246,11,128,218,84,97
246,25,302,78,42,47
246,27,152,248,17,19
246,28,372,131,43,46
246,29,115,197,34,41
246,30,151,162,36,35
246,31,163,186,23,17
247,1,455,186,42,47
247,8,111,233,46,60
247,11,128,218,84,97
247,25,303,76,42,47
247,27,152,248,17,19
247,28,375,132,43,46
247,29,115,197,34,41
247,30,152,159,35,34
247,31,163,186,23,17
248,1,456,186,42,47
248,8,111,234,48,58
248,11,128,218,84,97
248,25,304,74,42,47
248,28,378,133,43,48
248,29,115,197,34,41
248,30,154,155,33,35
248,31,163,186,23,17
249,1,457,187,42,47
249,8,111,234,50,55
249,11,128,218,84,97
249,25,305,72,42,47
249,28,381,134,42,48
249,29,115,197,34,41
249,30,160,152,38,35
249,31,163,186,23,17
250,1,458,188,42,47
250,8,111,235,50,53
250,11,128,218,84,97
250,25,306,70,42,47
250,28,384,134,42,48
250,29,115,197,34,41
250,30,162,150,34,38
250,31,163,186,23,17
251,1,458,189,42,47
251,8,111,236,52,50
251,11,128,218,84,97
251,25,307,68,42,47
251,28,386,134,42,47
251,29,115,197,34,41
251,30,162,148,33,41
251,31,163,186,23,17
252,1,459,189,42,47
252,8,111,236,54,48
252,11,128,218,84,97
252,25,309,66,43,47
252,28,389,134,43,46
252,29,115,197,34,41
252,30,162,146,35,45
252,31,163,186,23,17
253,1,460,190,42,47
253,8,111,237,56,48
253,11,128,218,84,97
253,25,310,64,43,47
253,28,392,135,43,46
253,29,115,197,34,41
253,30,162,143,35,44
253,31,163,186,23,17
254,1,461,191,42,47
254,8,110,238,57,50
254,11,128,218,84,97
254,25,311,62,43,47
254,28,395,135,43,46
254,29,115,197,34,41
254,30,163,140,38,46
254,31,163,186,23,17
255,1,461,191,42,47
255,8,111,238,58,53
255,11,128,218,84,97
255,25,312,59,43,47
255,28,398,136,43,46
255,30,163,137,40,47
255,31,163,186,23,17
256,1,462,192,42,47
256,8,110,239,59,55
256,11,128,218,84,97
256,25,313,57,43,47
256,28,400,136,43,46
256,30,162,133,41,47
256,31,163,186,23,17
257,1,463,193,42,47
257,8,110,240,60,58
257,11,128,218,84,97
257,25,314,55,43,47
257,28,403,137,43,46
257,30,163,129,42,47
257,31,163,186,23,17
258,1,464,194,43,47
258,8,109,241,61,60
258,11,128,218,84,97
258,25,315,53,42,47
258,28,406,137,43,46
258,30,164,126,43,47
258,31,163,186,23,17
259,1,464,194,43,47
259,8,109,241,62,63
259,11,128,218,84,97
259,25,316,51,42,47
259,28,409,138,43,46
259,30,165,122,43,47
259,31,163,186,23,17
260,1,465,195,43,47
260,8,109,242,62,65
260,25,317,49,42,47
260,28,412,138,43,46
260,30,166,119,43,47
260,31,163,186,23,17
261,1,466,196,43,47
261,8,108,243,63,68
261,25,318,47,42,47
261,28,414,139,43,46
261,30,166,115,43,47
261,31,163,186,23,17
262,1,467,196,43,47
262,8,108,255,64,47
262,25,319,45,43,47
262,28,417,139,43,46
262,30,167,112,43,47
262,31,163,186,23,17
262,32,114,221,25,25
263,1,467,197,43,47
263,8,107,256,65,49
263,25,320,43,43,47
263,28,420,140,43,46
263,30,167,108,41,47
263,31,163,186,23,17
263,32,116,220,27,25
264,1,468,198,43,46
264,8,107,256,66,53
264,25,321,41,43,47
264,28,423,140,42,46
264,30,169,105,43,47
264,31,163,186,23,17
264,32,116,218,27,21
265,1,469,199,43,46
265,8,96,263,42,43
265,25,322,39,43,47
265,28,425,141,42,46
265,30,170,101,43,46
265,31,163,186,23,17
265,32,117,217,26,21
265,33,125,241,30,21
266,1,470,199,43,46
266,8,94,265,43,43
266,25,323,36,43,46
266,28,428,141,42,46
266,30,170,98,43,46
266,32,117,217,25,21
266,33,125,242,29,20
267,1,470,200,43,46
267,8,93,267,43,43
267,25,324,34,43,46
267,28,431,142,42,47
267,30,171,94,43,46
267,32,119,217,26,22
267,33,126,241,28,19
268,1,471,201,43,46
268,8,92,269,43,43
268,25,326,32,43,46
268,28,434,143,42,47
268,30,172,91,43,46
268,32,119,217,26,22
268,33,126,241,28,19
269,1,472,201,43,46
269,8,91,270,43,45
269,25,327,30,43,46
269,28,437,143,42,47
269,30,173,87,43,47
269,32,119,216,25,20
269,33,126,242,27,18
270,1,473,202,43,46
270,8,91,272,43,45
270,25,328,28,43,46
270,28,439,144,42,47
270,30,174,84,43,47
270,32,121,215,27,21
270,33,126,241,27,17
271,1,473,203,43,46
271,8,90,274,43,46
271,25,329,26,43,46
271,28,442,144,42,47
271,30,174,80,43,47
271,32,122,214,25,19
271,33,126,241,27,17
272,1,474,204,43,46
272,8,89,275,43,47
272,25,330,24,43,46
272,28,445,145,42,47
272,30,175,77,42,47
272,32,123,214,27,20
272,33,127,241,26,16
273,1,475,204,43,46
273,8,88,277,43,47
273,25,331,22,43,45
273,28,448,145,42,47
273,30,176,73,43,47
273,32,123,214,27,20
273,33,127,241,25,16
274,1,476,204,43,45
274,8,87,279,43,47
274,25,332,21,43,43
274,28,451,146,42,47
274,30,177,70,42,47
274,32,124,213,27,21
274,33,128,240,24,16
275,1,476,206,43,46
275,8,87,281,43,47
275,25,333,20,43,41
275,28,453,146,42,47
275,30,178,66,42,47
275,32,125,213,26,20
275,33,128,240,24,16
276,1,477,206,43,46
276,8,86,283,43,47
276,25,333,19,41,38
276,28,456,147,42,47
276,30,178,63,43,47
276,32,127,211,23,19
276,33,128,239,23,16
277,1,478,207,43,46
277,8,85,285,43,47
277,25,334,20,41,40
277,28,459,147,42,47
277,30,179,59,42,47
277,32,129,211,26,19
277,33,129,239,22,16
278,1,479,208,43,46
278,8,84,289,43,43
278,25,336,21,42,42
278,28,462,148,42,47
278,30,180,56,43,47
278,32,131,211,30,20
278,33,129,239,22,15
279,1,479,209,43,46
279,8,83,291,43,43
279,25,337,22,42,45
279,28,465,148,42,47
279,30,180,53,43,46
279,32,131,210,30,19
279,33,129,239,21,15
280,1,480,209,43,46
280,8,83,293,43,43
280,25,338,25,42,46
280,28,467,149,42,47
280,30,181,50,43,47
280,32,132,209,32,19
280,33,130,238,20,15
281,1,480,210,43,47
281,8,82,295,43,43
281,25,338,28,42,46
281,28,470,149,42,47
281,30,181,47,43,47
281,32,133,209,33,19
281,33,130,238,20,15
282,1,481,211,43,46
282,8,81,297,43,43
282,25,339,31,42,46
282,28,473,150,42,47
282,30,181,44,43,47
282,32,134,209,34,20
282,33,130,238,20,15
283,1,481,211,43,46
283,8,80,299,43,44
283,25,339,34,42,47
283,28,476,150,42,47
283,30,182,41,43,47
283,32,135,208,33,19
283,33,130,238,20,15
284,1,482,212,43,46
284,8,80,300,43,45
284,25,340,37,42,47
284,28,478,151,42,47
284,30,182,38,43,47
284,32,136,207,34,19
284,33,130,238,20,15
285,1,483,213,43,47
285,8,79,302,43,46
285,25,341,40,42,47
285,28,481,151,42,47
285,30,182,35,43,46
285,32,136,207,35,19
285,33,130,238,20,15
286,1,483,213,43,47
286,8,78,303,43,46
286,25,341,43,42,46
286,28,484,152,42,47
286,30,183,32,43,46
286,32,136,207,35,20
286,33,130,238,20,15
287,1,484,214,43,47
287,8,77,304,43,47
287,25,342,46,42,46
287,28,487,152,42,47
287,30,183,29,43,46
287,32,138,206,35,19
287,33,130,238,20,15
288,1,484,215,43,47
288,8,76,306,43,47
288,25,342,49,42,46
288,28,490,153,43,47
288,30,183,26,42,47
288,32,143,212,42,31
288,33,130,238,20,15
289,1,485,215,43,47
289,8,76,308,43,47
289,25,343,52,42,46
289,28,492,153,43,47
289,30,183,23,43,47
289,32,145,218,42,42
289,33,130,238,20,15
290,1,485,216,43,47
290,8,75,310,43,47
290,25,343,55,42,46
290,28,495,154,43,47
290,30,183,22,43,44
290,32,148,219,40,44
290,33,130,238,20,15
291,1,486,217,43,47
291,8,74,312,43,47
291,25,344,58,42,46
291,28,498,154,43,47
291,30,183,20,43,41
291,32,149,219,40,44
291,33,130,238,20,15
292,1,487,217,43,47
292,8,73,314,43,47
292,25,344,61,42,46
292,28,501,155,43,47
292,30,185,19,42,38
292,32,155,219,32,45
292,33,130,238,20,15
293,1,487,218,43,47
293,8,72,316,43,47
293,25,345,64,42,46
293,28,504,155,43,47
293,30,185,20,42,41
293,32,156,220,33,46
293,33,130,238,20,15
294,1,488,219,43,47
294,8,72,318,43,47
294,25,345,67,42,46
294,28,506,156,43,47
294,30,185,21,42,43
294,32,157,220,33,47
294,33,130,238,20,15
295,1,488,219,43,47
295,8,71,320,43,47
295,25,346,70,42,46
295,28,509,156,43,47
295,30,185,23,42,47
295,32,159,220,34,47
295,33,130,238,20,15
296,1,489,220,43,47
296,8,70,322,43,47
296,25,347,74,42,46
296,28,512,157,43,47
296,30,183,26,47,47
296,32,160,220,35,47
296,33,130,238,20,15
297,1,490,221,43,47
297,8,69,324,43,47
297,25,347,77,42,46
297,28,515,158,43,47
297,30,186,29,42,47
297,32,161,220,36,47
297,33,130,238,20,15
298,1,490,221,43,47
298,8,68,326,43,47
298,25,348,80,42,46
298,28,518,158,43,47
298,30,186,32,42,47
298,32,162,220,38,47
298,33,130,238,20,15
299,1,491,222,43,47
299,8,68,328,43,47
299,25,348,83,42,46
299,28,520,159,43,47
299,30,187,35,42,47
299,32,162,220,39,47
299,33,130,238,20,15
300,1,491,223,43,47
300,8,67,330,43,47
300,25,349,86,43,46
300,28,523,159,43,47
300,30,187,38,43,47
300,32,164,220,40,47
300,33,130,238,20,15
301,1,492,223,43,47
301,8,66,332,43,47
301,25,349,89,43,46
301,28,525,160,43,47
301,30,187,41,43,47
301,32,166,220,39,47
302,1,492,224,43,47
302,8,65,334,43,47
302,25,350,92,42,46
302,28,528,161,43,47
302,30,188,44,43,47
302,32,167,220,39,47
303,1,493,225,43,47
303,8,65,335,43,47
303,25,350,95,42,46
303,28,530,162,43,46
303,30,188,47,43,47
303,32,169,220,42,47
304,1,494,225,43,47
304,8,65,336,43,47
304,25,351,98,42,46
304,28,532,163,43,46
304,30,188,50,43,47
304,32,171,220,40,47
305,1,494,226,43,47
305,8,64,337,43,46
305,25,351,101,42,46
305,28,535,164,43,46
305,30,189,54,43,48
305,32,172,220,41,47
306,1,495,227,43,47
306,8,64,337,43,45
306,25,352,104,42,46
306,28,537,165,43,46
306,30,189,57,43,48
306,32,174,220,41,47
307,1,495,227,43,47
307,8,64,338,43,44
307,25,353,107,43,46
307,28,539,166,43,46
307,30,189,60,43,48
307,32,176,220,40,47
308,1,496,228,43,47
308,8,64,338,43,44
308,25,353,110,43,46
308,28,541,167,43,46
308,30,190,63,43,48
308,32,178,220,40,47
309,1,496,229,43,47
309,8,64,338,43,43
309,25,354,113,42,46
309,28,544,168,43,46
309,30,190,66,43,48
309,32,178,220,41,47
310,1,497,229,43,47
310,8,64,339,43,42
310,25,354,116,42,46
310,28,546,169,43,46
310,30,190,69,43,48
310,32,179,220,41,47
311,1,498,230,43,47
311,8,64,339,43,41
311,25,355,119,42,46
311,28,548,170,43,46
311,30,191,72,43,48
311,32,181,220,42,47
312,1,498,231,43,47
312,8,64,339,43,41
312,25,355,122,42,47
312,28,550,171,42,46
312,30,191,74,42,47
312,32,183,220,42,47
313,1,499,232,43,47
313,8,64,340,43,40
313,25,356,125,43,47
313,28,553,172,42,46
313,30,191,77,42,47
313,32,184,220,42,47
314,1,499,232,43,47
314,8,64,340,43,39
314,25,356,128,43,47
314,28,555,173,42,46
314,30,192,80,42,47
314,32,186,220,42,47
315,1,500,233,43,47
315,8,64,341,43,38
315,25,357,131,43,47
315,28,557,174,42,46
315,30,192,83,42,47
315,32,188,220,42,47
316,1,500,234,43,47
316,8,64,341,43,38
316,25,357,134,43,47
316,28,560,175,42,46
316,30,192,86,42,47
316,32,189,220,42,47
317,1,501,234,43,47
317,8,64,341,43,37
317,25,358,138,43,47
317,28,562,176,43,46
317,30,193,89,43,47
317,32,191,220,42,47
318,1,502,235,43,47
318,8,64,342,43,36
318,25,358,141,43,47
318,28,564,177,43,46
318,30,193,92,43,47
318,32,192,220,42,47
319,1,502,236,43,47
319,8,64,342,43,35
319,25,359,144,43,47
319,28,566,177,43,46
319,30,193,95,43,47
319,32,194,220,42,47
320,1,503,236,43,47
320,8,64,342,43,35
320,25,360,147,43,47
320,28,569,178,43,46
320,30,193,98,43,47
320,32,196,220,42,47
321,1,503,237,43,47
321,8,64,343,43,34
321,25,360,150,43,47
321,28,571,179,43,46
321,30,194,101,42,47
321,32,197,221,42,48
322,1,504,238,43,47
322,8,64,343,43,33
322,25,361,153,43,47
322,28,573,180,43,46
322,30,194,104,42,47
322,32,199,220,42,47
323,1,505,238,43,47
323,8,64,344,43,32
323,25,361,156,42,47
323,28,576,181,43,46
323,30,194,107,42,47
323,32,201,220,42,47
324,1,505,239,43,47
324,8,64,344,43,32
324,25,362,159,43,47
324,28,578,182,43,47
324,30,195,110,43,47
324,32,202,220,42,47
325,1,506,240,43,47
325,8,64,344,43,31
325,25,362,162,43,46
325,28,580,183,43,47
325,30,195,113,43,47
325,32,204,220,42,47
326,1,506,240,43,47
326,8,64,345,43,30
326,25,363,165,43,46
326,28,582,184,43,47
326,30,195,116,43,47
326,32,205,220,42,47
327,1,507,241,43,47
327,8,64,345,43,29
327,25,363,168,43,46
327,28,585,185,43,47
327,30,196,119,43,47
327,32,207,220,42,47
328,1,507,242,43,47
328,8,64,345,43,29
328,25,364,171,43,46
328,28,587,186,43,47
328,30,196,122,43,47
328,32,209,220,42,47
329,1,508,242,43,47
329,8,65,346,44,28
329,25,364,174,43,47
329,28,589,187,42,47
329,30,196,125,43,47
329,32,210,220,42,47
330,1,509,243,43,47
330,8,64,346,43,27
330,25,365,177,43,47
330,28,592,188,42,47
330,30,197,128,43,47
330,32,212,220,42,47
331,1,509,244,43,47
331,8,65,346,44,28
331,25,366,180,43,47
331,28,594,189,42,47
331,30,197,131,43,47
331,32,214,220,42,47
332,1,510,244,43,47
332,8,63,345,43,29
332,25,366,183,43,46
332,28,596,190,42,47
332,30,197,134,43,47
332,32,215,220,42,47
333,1,510,245,43,47
333,8,63,345,43,29
333,25,367,186,42,46
333,28,598,191,42,47
333,30,198,137,43,47
333,32,217,220,42,47
334,1,511,246,43,47
334,8,63,345,43,30
334,25,367,189,42,46
334,28,601,192,42,47
334,30,198,140,43,47
334,32,218,220,42,47
335,1,511,246,43,47
335,8,63,344,43,31
335,25,368,192,42,46
335,28,603,193,42,47
335,30,198,143,43,47
335,32,220,220,42,47
336,1,512,247,43,47
336,8,63,344,43,32
336,25,368,195,42,47
336,28,605,194,43,47
336,30,199,145,42,45
336,32,222,220,42,47
337,1,513,248,43,47
337,8,63,344,43,32
337,25,369,198,42,47
337,28,608,195,43,47
337,30,199,148,42,45
337,32,223,220,42,47
338,1,513,248,43,47
338,8,63,343,43,33
338,25,369,201,42,47
338,28,610,196,42,47
338,30,191,151,26,45
338,32,225,220,42,47
338,34,211,162,18,27
339,1,514,249,43,47
339,8,63,343,43,34
339,25,370,205,42,46
339,28,612,197,42,47
339,30,191,154,25,45
339,32,227,220,42,47
339,34,211,162,18,27
340,1,514,250,43,47
340,8,63,342,43,35
340,25,370,208,42,46
340,28,614,198,42,47
340,30,191,156,25,43
340,32,228,220,42,47
340,34,211,162,18,27
341,1,515,250,43,47
341,8,63,342,43,35
341,25,371,211,43,46
341,28,617,199,42,47
341,30,191,160,25,44
341,32,230,220,42,47
341,34,211,162,18,27
342,1,516,251,43,47
342,8,63,342,43,36
342,25,372,214,43,47
342,28,619,200,42,47
342,30,191,162,25,44
342,32,232,220,42,47
342,34,214,171,14,22
343,1,516,252,43,47
343,8,63,341,43,37
343,25,372,217,43,47
343,28,620,201,40,47
343,30,192,164,25,43
343,32,234,220,42,47
343,34,214,171,14,22
344,1,517,252,43,47
344,8,63,341,43,38
344,25,373,220,43,47
344,28,621,202,37,47
344,30,192,167,25,43
344,32,235,220,42,47
344,34,214,171,14,22
345,1,517,253,43,47
345,8,63,341,43,38
345,25,373,223,42,47
345,28,622,203,35,47
345,30,192,162,25,27
345,32,237,220,42,47
345,34,214,171,14,22
346,1,518,254,43,47
346,8,63,340,43,39
346,25,374,226,43,47
346,28,623,204,33,46
346,30,193,165,25,23
346,32,239,220,42,47
346,34,214,171,14,22
347,1,518,254,43,47
347,8,63,340,43,40
347,25,374,229,43,47
347,28,624,205,31,46
347,30,193,169,25,22
347,32,241,221,43,47
347,34,214,171,14,22
348,1,519,255,43,47
348,8,63,339,43,41
348,25,375,232,43,47
348,28,626,206,28,47
348,30,191,172,20,21
348,32,242,221,43,47
348,34,214,171,14,22
349,1,520,256,43,47
349,8,63,339,43,41
349,25,375,235,43,47
349,28,627,207,26,46
349,30,191,172,20,21
349,32,244,221,42,47
349,34,214,171,14,22
350,1,520,256,43,47
350,8,63,339,43,42
350,25,376,238,43,47
350,28,626,208,28,46
350,30,198,194,32,24
350,32,246,221,42,47
350,34,214,171,14,22
351,1,521,257,43,47
351,8,63,338,43,43
351,25,376,241,43,47
351,28,624,209,31,46
351,30,199,195,34,26
351,32,248,221,42,47
351,34,214,171,14,22
352,1,521,258,43,47
352,8,63,338,43,44
352,25,377,244,43,47
352,28,623,209,33,46
352,30,204,195,43,42
352,32,249,221,42,47
352,34,214,171,14,22
353,1,522,259,43,47
353,8,63,338,43,44
353,25,378,247,43,47
353,28,622,210,35,48
353,30,204,198,43,42
353,32,251,221,42,47
353,34,214,171,14,22
354,1,522,259,43,47
354,8,63,337,43,45
354,25,378,250,43,47
354,28,621,212,37,48
354,30,204,201,43,42
354,32,253,221,42,47
354,34,214,171,14,22
355,1,523,260,43,47
355,8,63,337,43,46
355,25,379,253,43,47
355,28,621,213,38,47
355,30,205,204,43,42
355,32,255,221,42,47
355,34,214,171,14,22
356,1,524,261,43,47
356,8,63,336,43,47
356,25,379,256,43,47
356,28,620,215,39,47
356,30,205,206,42,41
356,32,256,221,42,47
356,34,214,171,14,22
357,1,524,261,43,47
357,8,63,336,43,47
357,25,380,259,43,47
357,28,619,216,41,47
357,30,205,209,43,43
357,32,258,221,42,47
357,34,214,171,14,22
358,1,525,262,43,47
358,8,63,335,43,47
358,25,380,262,43,47
358,28,619,218,42,47
358,30,205,210,43,45
358,32,260,221,42,47
358,34,214,171,14,22
359,1,525,263,43,47
359,8,63,334,43,47
359,25,381,265,43,47
359,28,618,219,42,47
359,30,206,213,43,47
359,32,262,221,42,47
359,34,214,171,14,22
360,1,526,263,43,47
360,8,63,333,43,47
360,25,381,269,43,47
360,28,616,220,42,47
360,30,205,215,41,47
360,32,262,221,40,47
360,34,214,171,14,22
361,1,526,264,43,47
361,8,63,333,43,47
361,25,382,272,43,47
361,28,615,222,42,47
361,30,205,218,41,47
361,32,264,221,40,47
361,34,214,171,14,22
362,1,527,265,43,47
362,8,63,333,44,48
362,25,382,275,43,47
362,28,614,223,42,47
362,30,205,221,41,47
362,32,266,221,41,47
362,34,214,171,14,22
363,1,528,265,43,47
363,8,62,331,43,47
363,25,383,278,43,47
363,28,612,225,43,47
363,30,207,223,42,47
363,32,268,221,41,47
364,1,528,266,43,47
364,8,62,330,43,47
364,25,384,281,43,47
364,28,611,226,43,47
364,30,207,226,43,47
364,32,270,221,43,47
365,1,529,267,43,47
365,8,62,330,43,47
365,25,384,284,43,47
365,28,611,228,44,47
365,30,207,228,43,47
365,32,272,221,43,47
366,1,529,267,43,47
366,8,62,329,43,47
366,25,385,287,43,47
366,28,608,229,43,47
366,30,207,231,43,47
366,32,274,222,42,47
367,1,530,268,43,47
367,8,62,328,43,47
367,25,385,290,43,47
367,28,606,230,43,47
367,30,208,234,43,47
367,32,276,222,42,47
368,1,531,269,43,47
368,8,62,327,43,47
368,25,386,293,43,47
368,28,604,231,43,47
368,30,208,236,43,47
368,32,277,222,42,47
369,1,531,269,43,47
369,8,62,327,43,47
369,25,386,296,43,47
369,28,601,232,43,47
369,30,208,239,43,47
369,32,279,222,42,47
370,1,532,270,43,47
370,8,62,326,43,47
370,25,387,299,43,47
370,28,599,232,43,47
370,30,208,241,43,47
370,32,281,222,42,47
371,1,532,271,43,47
371,8,62,325,43,47
371,25,387,302,43,47
371,28,596,233,43,47
371,30,209,244,43,47
371,32,283,222,42,47
372,1,533,271,43,47
372,8,62,323,43,47
372,25,388,305,43,47
372,28,594,234,43,47
372,30,209,247,43,47
372,32,284,222,43,47
373,1,533,272,43,47
373,8,63,322,43,47
373,25,388,308,43,47
373,28,592,235,43,47
373,30,209,249,43,47
373,32,286,222,43,47
374,1,534,273,43,47
374,8,63,320,43,47
374,25,389,311,43,47
374,28,589,236,43,47
374,30,210,252,43,47
374,32,288,222,43,47
375,1,535,273,43,47
375,8,63,319,43,47
375,25,390,314,43,47
375,28,587,237,43,47
375,30,210,254,43,47
375,32,290,222,43,47
376,1,535,275,43,47
376,8,63,317,43,47
376,25,390,317,43,47
376,28,585,238,43,47
376,30,210,257,43,47
376,32,291,222,43,47
377,1,536,276,43,47
377,8,64,315,43,47
377,25,391,320,43,48
377,28,582,238,43,47
377,30,210,260,43,47
377,32,293,222,43,47
378,1,537,278,43,47
378,8,64,314,43,47
378,25,391,323,43,47
378,28,580,238,43,47
378,30,211,262,43,47
378,32,295,222,43,47
379,1,538,279,43,47
379,8,64,312,43,47
379,25,392,326,43,47
379,28,577,239,43,47
379,30,211,265,43,47
379,32,297,222,43,47
380,1,539,281,43,47
380,8,64,310,43,47
380,25,392,329,43,47
380,28,575,239,43,47
380,30,211,267,43,47
380,32,298,222,43,47
381,1,540,282,43,47
381,8,65,309,43,47
381,25,393,332,43,47
381,28,572,240,43,47
381,30,211,270,43,47
381,32,300,222,43,47
382,1,541,284,43,47
382,8,65,307,43,47
382,25,393,336,43,47
382,28,570,240,43,47
382,30,212,273,43,47
382,32,302,222,43,47
383,1,541,285,43,47
383,8,65,305,43,47
383,25,394,338,43,44
383,28,567,241,43,47
383,30,212,275,43,47
383,32,304,222,43,47
384,1,542,287,43,47
384,8,65,304,43,47
384,25,394,339,43,41
384,28,565,241,43,47
384,30,212,278,43,47
384,32,305,222,43,47
385,1,543,288,43,47
385,8,66,302,43,47
385,25,395,341,43,38
385,28,562,242,43,47
385,30,212,280,43,47
385,32,307,222,43,47
386,1,544,290,43,47
386,8,66,300,43,47
386,25,396,342,43,35
386,28,560,243,43,48
386,30,213,283,43,47
386,32,309,223,43,47
387,1,545,291,43,47
387,8,66,299,43,47
387,25,396,344,43,32
387,28,557,243,43,47
387,30,213,286,43,47
387,32,311,223,43,47
388,1,546,293,43,47
388,8,66,297,43,47
388,25,397,345,43,29
388,28,555,243,43,47
388,30,213,288,43,47
388,32,312,223,43,47
389,1,546,294,43,47
389,8,67,295,43,47
389,25,397,347,43,26
389,28,552,243,43,47
389,30,213,291,43,47
389,32,314,223,43,47
390,1,547,296,43,47
390,8,67,294,43,47
390,25,398,345,43,29
390,28,550,244,43,47
390,30,214,293,43,47
390,32,316,223,43,47
391,1,548,297,43,47
391,8,67,292,43,47
391,25,398,344,43,32
391,28,547,244,43,47
391,30,214,296,43,47
391,32,318,223,43,47
392,1,549,299,43,47
392,8,67,290,43,47
392,25,399,342,43,35
392,28,545,245,43,47
392,30,214,299,43,47
392,32,319,223,43,47
393,1,550,300,43,47
393,8,67,289,43,47
393,25,399,341,43,38
393,28,542,245,43,47
393,30,214,301,43,47
393,32,321,223,43,47
394,1,551,302,43,47
394,8,68,287,43,47
394,25,400,339,43,41
394,28,540,246,43,47
394,30,215,304,43,47
394,32,323,223,43,47
395,1,552,303,43,47
395,8,68,286,43,47
395,25,400,338,43,44
395,28,537,246,43,47
395,30,215,306,43,47
395,32,325,223,43,47
396,1,552,305,43,47
396,8,68,284,43,47
396,25,401,336,43,47
396,28,535,247,43,47
396,30,215,309,43,47
396,32,326,223,42,47
397,1,553,306,43,47
397,8,68,282,43,47
397,25,402,332,43,47
397,28,532,247,43,47
397,30,215,312,43,47
397,32,328,223,42,47
398,1,554,308,43,47
398,8,69,281,43,47
398,25,402,329,43,47
398,28,530,248,43,47
398,30,216,314,43,47
398,32,330,223,42,47
399,1,555,309,43,47
399,8,69,279,43,47
399,25,403,326,43,47
399,28,527,248,43,47
399,30,216,317,43,47
399,32,332,223,42,47
